name,price,url
Cultured Pearl Cross Bracelet 14K Yellow Gold 6.75”,99.99,https://www.kayoutlet.com/cultured-pearl-cross-bracelet-14k-yellow-gold-675-/p/V-351020401
Triple Strand Herringbone Bracelet 14K Yellow Gold 7&quot;,799.99,https://www.kayoutlet.com/triple-strand-herringbone-bracelet-14k-yellow-gold-7/p/V-723286403
Infinity Station Anklet 10K Yellow Gold 10&quot;,169.99,https://www.kayoutlet.com/infinity-station-anklet-10k-yellow-gold-10/p/V-522462706
Beaded Anklet 10K Yellow Gold 10&quot;,199.99,https://www.kayoutlet.com/beaded-anklet-10k-yellow-gold-10/p/V-722700402
Diamond Tilted Heart Lock Bracelet 1/15 ct tw 10K Yellow Gold 7.5&quot;,399.99,https://www.kayoutlet.com/diamond-tilted-heart-lock-bracelet-115-ct-tw-10k-yellow-gold-75/p/V-245324708
Diamond & Heart Charm Station Bracelet 1/20 ct tw 10K Yellow Gold 7.5&quot;,399.99,https://www.kayoutlet.com/diamond-heart-charm-station-bracelet-120-ct-tw-10k-yellow-gold-75/p/V-802853301
High Polish Bangle Bracelet 10K Yellow Gold,599.99,https://www.kayoutlet.com/high-polish-bangle-bracelet-10k-yellow-gold/p/V-723275703
KAY Lab-Grown Diamonds Swirl Link Bracelet 2 ct tw 10K Yellow Gold 7.25,1299.99,https://www.kayoutlet.com/kay-labgrown-diamonds-swirl-link-bracelet-2-ct-tw-10k-yellow-gold-725/p/V-701649701
Byzantine Greek Key Chain Bracelet Hollow 10K Yellow Gold 8.5&quot;,999.99,https://www.kayoutlet.com/byzantine-greek-key-chain-bracelet-hollow-10k-yellow-gold-85/p/V-563790207
Men's Diamond Station Cuban Curb Chain Bracelet 1 ct tw 10K Yellow Gold 8.5&quot;,3999.99,https://www.kayoutlet.com/mens-diamond-station-cuban-curb-chain-bracelet-1-ct-tw-10k-yellow-gold-85/p/V-200590305
Diamond Swirl Link Bracelet 1/4 ct tw 10K Yellow Gold 7&quot;,1299.99,https://www.kayoutlet.com/diamond-swirl-link-bracelet-14-ct-tw-10k-yellow-gold-7/p/V-379033602
Diamond Interlocking Circles Bracelet 1/15 ct tw 10K Yellow Gold 7.5&quot;,359.99,https://www.kayoutlet.com/diamond-interlocking-circles-bracelet-115-ct-tw-10k-yellow-gold-75/p/V-360797207
Semi-Solid Glitter Rope Chain Necklace & Bracelet Set 2.4mm 14K Yellow Gold,699.99,https://www.kayoutlet.com/semisolid-glitter-rope-chain-necklace-bracelet-set-24mm-14k-yellow-gold/p/V-174500506
Diamond Square Link Bracelet 1/4 ct tw 10K Yellow Gold,1999.99,https://www.kayoutlet.com/diamond-square-link-bracelet-14-ct-tw-10k-yellow-gold/p/V-381054408
Diamond & Bead Bracelet 1 ct tw 10K Yellow Gold 7.25&quot;,1799.99,https://www.kayoutlet.com/diamond-bead-bracelet-1-ct-tw-10k-yellow-gold-725/p/V-514422207
Men's Diamond Cuban Link Bracelet 1 ct tw Round-cut 10K Yellow Gold 8.5&quot;,3999.99,https://www.kayoutlet.com/mens-diamond-cuban-link-bracelet-1-ct-tw-roundcut-10k-yellow-gold-85/p/V-111952406
Multi-Diamond Alternating Square Link Bracelet 1 ct tw 10K Yellow Gold 7.25&quot;,2249.99,https://www.kayoutlet.com/multidiamond-alternating-square-link-bracelet-1-ct-tw-10k-yellow-gold-725/p/V-802857007
Curb Chain Bracelet 4.2mm Solid 14K White Gold 8.5&quot;,1299.99,https://www.kayoutlet.com/curb-chain-bracelet-42mm-solid-14k-white-gold-85/p/V-723421400
Diamond-Cut Bangle Bracelet 10K Yellow Gold,1074.99,https://www.kayoutlet.com/diamondcut-bangle-bracelet-10k-yellow-gold/p/V-723399604
Men's Brown & White Diamond Rectangle Link Bracelet 1-1/2 ct tw 10K Yellow Gold 8.5&quot;,3449.99,https://www.kayoutlet.com/mens-brown-white-diamond-rectangle-link-bracelet-112-ct-tw-10k-yellow-gold-85/p/V-534297902
Interlocking Oval Link Bolo Bracelet 10K Yellow Gold,449.99,https://www.kayoutlet.com/interlocking-oval-link-bolo-bracelet-10k-yellow-gold/p/V-522284809
Diamond X-Link Bracelet 2 ct tw 10K Yellow Gold 7&quot;,2999.99,https://www.kayoutlet.com/diamond-xlink-bracelet-2-ct-tw-10k-yellow-gold-7/p/V-456306909
KAY Lab-Grown Diamonds Swirl Link Bracelet 2 ct tw 10K White Gold 7.25,1299.99,https://www.kayoutlet.com/kay-labgrown-diamonds-swirl-link-bracelet-2-ct-tw-10k-white-gold-725/p/V-432238006
KAY Lab-Grown Diamonds Three-Row Bracelet 6 ct tw 10K White Gold 7&quot;,2999.99,https://www.kayoutlet.com/kay-labgrown-diamonds-threerow-bracelet-6-ct-tw-10k-white-gold-7/p/V-394233807
Diamond Heart Station Bracelet 1/3 ct tw 10K Yellow Gold 7&quot;,1499.99,https://www.kayoutlet.com/diamond-heart-station-bracelet-13-ct-tw-10k-yellow-gold-7/p/V-174831204
KAY Lab-Grown Diamonds Tennis Bracelet 5 ct tw 14K White Gold 7&quot;,3499.99,https://www.kayoutlet.com/kay-labgrown-diamonds-tennis-bracelet-5-ct-tw-14k-white-gold-7/p/V-877816607
Diamond Bracelet 1/4 ct tw Sterling Silver & 10K Rose Gold,574.99,https://www.kayoutlet.com/diamond-bracelet-14-ct-tw-sterling-silver-10k-rose-gold/p/V-111907806
Children's Figaro Chain Bracelet Solid 14K Yellow Gold 6&quot;,199.99,https://www.kayoutlet.com/childrens-figaro-chain-bracelet-solid-14k-yellow-gold-6/p/V-723399503
Disc Hand Bracelet 10K Yellow Gold 8.5&quot;,324.99,https://www.kayoutlet.com/disc-hand-bracelet-10k-yellow-gold-85/p/V-722870502
Diamond Link Bracelet 1/4 ct tw 10K Yellow Gold 7.5”,649.99,https://www.kayoutlet.com/diamond-link-bracelet-14-ct-tw-10k-yellow-gold-75-/p/V-253802502
7-7.5mm Cultured Pearl Bracelet 14K Yellow Gold 7.5&quot;,599.99,https://www.kayoutlet.com/775mm-cultured-pearl-bracelet-14k-yellow-gold-75/p/V-351004801
Rosary Bracelet 14K Yellow Gold 6.5&quot;,249.99,https://www.kayoutlet.com/rosary-bracelet-14k-yellow-gold-65/p/V-723273102
Tree of Life Station Bracelet 14K Yellow Gold 7.5&quot;,349.99,https://www.kayoutlet.com/tree-of-life-station-bracelet-14k-yellow-gold-75/p/V-982915706
6.9mm Flower Link Chain & Bead Bracelet Solid 14K Yellow Gold 7.5&quot;,699.99,https://www.kayoutlet.com/69mm-flower-link-chain-bead-bracelet-solid-14k-yellow-gold-75/p/V-245348709
Wavy Flame Link Bracelet 10K Yellow Gold 7.5&quot;,399.99,https://www.kayoutlet.com/wavy-flame-link-bracelet-10k-yellow-gold-75/p/V-381070806
4.5mm Cuban Curb Chain Bracelet Semi-Solid 10K Yellow Gold 8.5&quot;,2499.99,https://www.kayoutlet.com/45mm-cuban-curb-chain-bracelet-semisolid-10k-yellow-gold-85/p/V-841095805
KAY Lab-Grown Diamonds Emerald-Cut Solitaire Flex Bangle Bracelet 1/2 ct tw 10K Yellow Gold 7&quot;,1099.99,https://www.kayoutlet.com/kay-labgrown-diamonds-emeraldcut-solitaire-flex-bangle-bracelet-12-ct-tw-10k-yellow-gold-7/p/V-940772205
Diamond Cuff Bangle 1/10 ct tw Round-cut 10K Yellow Gold,359.99,https://www.kayoutlet.com/diamond-cuff-bangle-110-ct-tw-roundcut-10k-yellow-gold/p/V-111946202
3mm Figaro Rope Chain Bracelet Solid 14K Yellow Gold 8.5&quot;,2699.99,https://www.kayoutlet.com/3mm-figaro-rope-chain-bracelet-solid-14k-yellow-gold-85/p/V-514437300
Diamond-Cut Three-Strand Singapore Chain Anklet Solid 10K Yellow Gold 9.5&quot;,569.99,https://www.kayoutlet.com/diamondcut-threestrand-singapore-chain-anklet-solid-10k-yellow-gold-95/p/V-822123004
Diamond-Cut Valentino Chain Bracelet 3.3mm Solid 14K Tri-Tone Gold 7.5&quot;,1199.99,https://www.kayoutlet.com/diamondcut-valentino-chain-bracelet-33mm-solid-14k-tritone-gold-75/p/V-514293505
Diamond Cupped Link Bracelet 1 ct tw 14K Yellow Gold 7&quot;,2374.99,https://www.kayoutlet.com/diamond-cupped-link-bracelet-1-ct-tw-14k-yellow-gold-7/p/V-491517001
Paperclip Bracelet Hollow 10K Yellow Gold 7.5&quot;,124.99,https://www.kayoutlet.com/paperclip-bracelet-hollow-10k-yellow-gold-75/p/V-723132407
&quot;Mama&quot; Heart Dangle Station Chain Bracelet 14K Yellow Gold 7&quot;,599.99,https://www.kayoutlet.com/mama-heart-dangle-station-chain-bracelet-14k-yellow-gold-7/p/V-514236203
Three-Row Panther Chain Bracelet 14K Yellow Gold 7&quot;,949.99,https://www.kayoutlet.com/threerow-panther-chain-bracelet-14k-yellow-gold-7/p/V-723260509
Hollow Infinity Rope Bracelet 10K Yellow Gold 7.5&quot;,799.99,https://www.kayoutlet.com/hollow-infinity-rope-bracelet-10k-yellow-gold-75/p/V-723166904
Diamond Pavé Tip Cuff Bangle Bracelet 1/3 ct tw 10K Yellow Gold,649.99,https://www.kayoutlet.com/diamond-pav-tip-cuff-bangle-bracelet-13-ct-tw-10k-yellow-gold/p/V-394050001
Rope Chain Bead Station Anklet 4mm Semi-Solid 10K Yellow Gold 9&quot;,349.99,https://www.kayoutlet.com/rope-chain-bead-station-anklet-4mm-semisolid-10k-yellow-gold-9/p/V-861401002
Diamond Two-Row Bangle Bracelet 3/8 ct tw Sterling Silver & 10K Yellow Gold,799.99,https://www.kayoutlet.com/diamond-tworow-bangle-bracelet-38-ct-tw-sterling-silver-10k-yellow-gold/p/V-513899308
Rope Chain Bracelet 4.8mm Hollow 10K Yellow Gold 9&quot;,1299.99,https://www.kayoutlet.com/rope-chain-bracelet-48mm-hollow-10k-yellow-gold-9/p/V-851410403
Diamond Link Bracelet 1 ct tw 10K White Gold 7&quot;,1124.99,https://www.kayoutlet.com/diamond-link-bracelet-1-ct-tw-10k-white-gold-7/p/V-910477001
Cultured Pearl & Bead Station Bracelet 10K Yellow Gold 7.5&quot;,299.99,https://www.kayoutlet.com/cultured-pearl-bead-station-bracelet-10k-yellow-gold-75/p/V-456191600
Twist Bangle Bracelet 14K White Gold,689.99,https://www.kayoutlet.com/twist-bangle-bracelet-14k-white-gold/p/V-722612001
Diamond Flower Line Bracelet 1/3 ct tw Round-cut 10K Yellow Gold 7&quot;,749.99,https://www.kayoutlet.com/diamond-flower-line-bracelet-13-ct-tw-roundcut-10k-yellow-gold-7/p/V-111969806
Diamond S-Link Hinged Bangle Bracelet 1/20 ct tw Sterling Silver,499.99,https://www.kayoutlet.com/diamond-slink-hinged-bangle-bracelet-120-ct-tw-sterling-silver/p/V-112047701
Previously Owned Diamond Circle Link Bracelet 5 ct tw 10K White Gold 7&quot;,2399.99,https://www.kayoutlet.com/previously-owned-diamond-circle-link-bracelet-5-ct-tw-10k-white-gold-7/p/V-887579403
Previously Owned Diamond Bracelet 1/4 ct tw 10K Yellow Gold 7&quot;,719.99,https://www.kayoutlet.com/previously-owned-diamond-bracelet-14-ct-tw-10k-yellow-gold-7/p/V-885412902
Heart Bolo Bracelet 10K Yellow Gold 9.5&quot;,599.99,https://www.kayoutlet.com/heart-bolo-bracelet-10k-yellow-gold-95/p/V-723137903
8.6mm Byzantine Chain Bracelet Solid 10K Yellow Gold 7.5&quot;,849.99,https://www.kayoutlet.com/86mm-byzantine-chain-bracelet-solid-10k-yellow-gold-75/p/V-135826802
Children's Cuban Curb Chain Bracelet Hollow 14K Yellow Gold 6&quot;,449.99,https://www.kayoutlet.com/childrens-cuban-curb-chain-bracelet-hollow-14k-yellow-gold-6/p/V-723399402
Diamond-Cut Short & Long Link Box Chain Bracelet 3.5mm Hollow 10K Yellow Gold 8.5&quot;,899.99,https://www.kayoutlet.com/diamondcut-short-long-link-box-chain-bracelet-35mm-hollow-10k-yellow-gold-85/p/V-723470706
Figarucci Link Chain Solid 10K Yellow Gold 8&quot;,1699.99,https://www.kayoutlet.com/figarucci-link-chain-solid-10k-yellow-gold-8/p/V-722621505
Diamond Cushion Line Bracelet 1 ct tw Round-cut 10K White Gold 7.25&quot;,1499.99,https://www.kayoutlet.com/diamond-cushion-line-bracelet-1-ct-tw-roundcut-10k-white-gold-725/p/V-111920904
4mm Rope & Mirror Chain Bracelet Hollow 10K Two-Tone Gold 7.5&quot;,599.99,https://www.kayoutlet.com/4mm-rope-mirror-chain-bracelet-hollow-10k-twotone-gold-75/p/V-190496909
Saturn Bead Chain Anklet Solid 14K Yellow Gold 10&quot;,299.99,https://www.kayoutlet.com/saturn-bead-chain-anklet-solid-14k-yellow-gold-10/p/V-220438600
Men's Curved ID Bracelet 10K Yellow Gold 8.5&quot;,1799.99,https://www.kayoutlet.com/mens-curved-id-bracelet-10k-yellow-gold-85/p/V-790411805
Children's Crown Bracelet 14K Yellow Gold 6&quot;,399.99,https://www.kayoutlet.com/childrens-crown-bracelet-14k-yellow-gold-6/p/V-762188504
Diamond Tennis Bracelet 3 ct tw Round-Cut 10K Yellow Gold 7.5&quot;,5099.99,https://www.kayoutlet.com/diamond-tennis-bracelet-3-ct-tw-roundcut-10k-yellow-gold-75/p/V-111935704
Men's Diamond Teardrop Link Bracelet 2-1/2 ct tw 10K Yellow Gold 8.5&quot;,2159.99,https://www.kayoutlet.com/mens-diamond-teardrop-link-bracelet-212-ct-tw-10k-yellow-gold-85/p/V-930880505
Multi-Diamond Station Bracelet 1/3 ct tw 14K White Gold 7&quot;,519.99,https://www.kayoutlet.com/multidiamond-station-bracelet-13-ct-tw-14k-white-gold-7/p/V-142269202
Herringbone Chain Anklet 3mm Solid 10K Yellow Gold 10&quot;,649.99,https://www.kayoutlet.com/herringbone-chain-anklet-3mm-solid-10k-yellow-gold-10/p/V-563891908
Diamond S-Link Bracelet 2 ct tw 10K White Gold 7&quot;,6499.99,https://www.kayoutlet.com/diamond-slink-bracelet-2-ct-tw-10k-white-gold-7/p/V-112100300
Paperclip Chain Bracelet 14K Yellow Gold 7.75&quot;,1699.99,https://www.kayoutlet.com/paperclip-chain-bracelet-14k-yellow-gold-775/p/V-762142305
Figaro Chain Bracelet 3.55mm Hollow 14K Yellow Gold 7.5”,749.99,https://www.kayoutlet.com/figaro-chain-bracelet-355mm-hollow-14k-yellow-gold-75-/p/V-910420304
Le Vian Cushion-Cut Pink Opal Station Bracelet 1/20 ct tw Diamonds 14K Honey Gold 7&quot;,599.99,https://www.kayoutlet.com/le-vian-cushioncut-pink-opal-station-bracelet-120-ct-tw-diamonds-14k-honey-gold-7/p/V-282597208
Polished Paperclip Chain Cross & Medallion Bracelet 14K Yellow Gold 7.5&quot;,1599.99,https://www.kayoutlet.com/polished-paperclip-chain-cross-medallion-bracelet-14k-yellow-gold-75/p/V-723266805
Diamond Leaf & Vine Bracelet 1/15 ct tw 10K Yellow Gold 7.5&quot;,799.99,https://www.kayoutlet.com/diamond-leaf-vine-bracelet-115-ct-tw-10k-yellow-gold-75/p/V-112049402
Diamond Marquise Crisscross Bracelet 1/2 ct tw Sterling Silver & 10K Yellow Gold 7.25&quot;,569.99,https://www.kayoutlet.com/diamond-marquise-crisscross-bracelet-12-ct-tw-sterling-silver-10k-yellow-gold-725/p/V-534090701
Cultured Pearl & White Lab-Created Sapphire Bangle Bracelet Sterling Silver & 10K Yellow Gold,699.99,https://www.kayoutlet.com/cultured-pearl-white-labcreated-sapphire-bangle-bracelet-sterling-silver-10k-yellow-gold/p/V-321353207
Enamel Evil Eye Bracelet 14K Yellow Gold 7.25&quot;,649.99,https://www.kayoutlet.com/enamel-evil-eye-bracelet-14k-yellow-gold-725/p/V-723298600
Monte Carlo Chain Bracelet 2.5mm Solid 10K Yellow Gold 8.5&quot;,1349.99,https://www.kayoutlet.com/monte-carlo-chain-bracelet-25mm-solid-10k-yellow-gold-85/p/V-731581803
Children's Blue Cubic Zirconia & Cultured Pearl Crown Bracelet 14K Yellow Gold 6&quot;,159.99,https://www.kayoutlet.com/childrens-blue-cubic-zirconia-cultured-pearl-crown-bracelet-14k-yellow-gold-6/p/V-751333105
Children's Figaro Chain Bracelet 2.65mm Hollow 14K Yellow Gold 6&quot;,199.99,https://www.kayoutlet.com/childrens-figaro-chain-bracelet-265mm-hollow-14k-yellow-gold-6/p/V-394089407
Silk Rope Chain Bracelet 3mm Solid 14K Yellow Gold 7.5&quot;,1999.99,https://www.kayoutlet.com/silk-rope-chain-bracelet-3mm-solid-14k-yellow-gold-75/p/V-950309601
Rectangle Link Bracelet 14K Yellow Gold 7&quot;,1199.99,https://www.kayoutlet.com/rectangle-link-bracelet-14k-yellow-gold-7/p/V-995310101
Previously Owned Diamond Tennis Bracelet 3 ct tw Round-Cut 10K White Gold 7&quot;,2699.99,https://www.kayoutlet.com/previously-owned-diamond-tennis-bracelet-3-ct-tw-roundcut-10k-white-gold-7/p/V-886732104
Diamond Bracelet 1/2 ct tw Round & Baguette 10K White Gold 7&quot;,599.99,https://www.kayoutlet.com/diamond-bracelet-12-ct-tw-round-baguette-10k-white-gold-7/p/V-111904405
Diamond Infinity Bracelet 1/2 ct tw 10K White Gold 7.25&quot;,1799.99,https://www.kayoutlet.com/diamond-infinity-bracelet-12-ct-tw-10k-white-gold-725/p/V-111885101
Curb Chain Bracelet Solid 14K Yellow Gold 8.75&quot;,17999.99,https://www.kayoutlet.com/curb-chain-bracelet-solid-14k-yellow-gold-875/p/V-401521404
KAY Lab-Grown Diamonds Men's Tennis Bracelet 5 ct tw 10K Yellow Gold 8.5&quot;,4999.99,https://www.kayoutlet.com/kay-labgrown-diamonds-mens-tennis-bracelet-5-ct-tw-10k-yellow-gold-85/p/V-135914404
Children's ID Heart Bracelet (2 Lines),117.11,https://www.kayoutlet.com/childrens-id-heart-bracelet-2-lines/p/V-7458
Children's Colored Stone ID Bracelet (1 Stone and 2 Lines),130.87,https://www.kayoutlet.com/childrens-colored-stone-id-bracelet-1-stone-2-lines/p/V-7457
KAY Lab-Grown Diamonds Tennis Bracelet 8 ct tw 10K Yellow Gold 7.25&quot;,3199.99,https://www.kayoutlet.com/kay-labgrown-diamonds-tennis-bracelet-8-ct-tw-10k-yellow-gold-725/p/V-950311100
1/15 ct tw Diamond Couple's Infinity Bracelet (2 Lines),171,https://www.kayoutlet.com/115-ct-tw-diamond-couples-infinity-bracelet-2-lines/p/V-8391
Diamond-Cut Bead Scalloped Station Anklet 10K Yellow Gold 10&quot;,399.99,https://www.kayoutlet.com/diamondcut-bead-scalloped-station-anklet-10k-yellow-gold-10/p/V-491544401
Twist Bangle Bracelet 10K Yellow Gold,599.99,https://www.kayoutlet.com/twist-bangle-bracelet-10k-yellow-gold/p/V-380929404
Bangle Bracelet 14K Rose Gold,479.99,https://www.kayoutlet.com/bangle-bracelet-14k-rose-gold/p/V-722611908
Men's Black Diamond Tennis Bracelet 5 ct tw 10K Yellow Gold 8.5&quot;,1599.99,https://www.kayoutlet.com/mens-black-diamond-tennis-bracelet-5-ct-tw-10k-yellow-gold-85/p/V-522267400
Diamond Heart & Wavy Link Bracelet 1/4 ct tw 10K Yellow Gold 7.25&quot;,1249.99,https://www.kayoutlet.com/diamond-heart-wavy-link-bracelet-14-ct-tw-10k-yellow-gold-725/p/V-491544906
1/6 ct tw Diamond Initials Couple's Heart Bracelet (2 Initials),180.58,https://www.kayoutlet.com/16-ct-tw-diamond-initials-couples-heart-bracelet-2-initials/p/V-4926
KAY Lab-Grown Diamonds Baguette & Round-Cut Tennis Bracelet 2-1/2 ct tw 10K White Gold 7&quot;,3899.99,https://www.kayoutlet.com/kay-labgrown-diamonds-baguette-roundcut-tennis-bracelet-212-ct-tw-10k-white-gold-7/p/V-878383809
Create your own Gemstone Fashion Bracelet,569.77,https://www.kayoutlet.com/create-your-own-gemstone-fashion-bracelet/p/V-Kbraceletqsku
Multi-Diamond Flower Bolo Bracelet 1/4 ct tw 10K Yellow Gold,719.99,https://www.kayoutlet.com/multidiamond-flower-bolo-bracelet-14-ct-tw-10k-yellow-gold/p/V-994804704
Le Vian Diamond Station Bracelet 1-1/2 ct tw 14K Strawberry Gold 7.25&quot;,3599.99,https://www.kayoutlet.com/le-vian-diamond-station-bracelet-112-ct-tw-14k-strawberry-gold-725/p/V-961555303
Diamond Bracelet 1 ct tw Round-Cut 10K Yellow Gold 7&quot;,2999.99,https://www.kayoutlet.com/diamond-bracelet-1-ct-tw-roundcut-10k-yellow-gold-7/p/V-960927503
KAY Lab-Grown Diamonds Tennis Bracelet 4 ct tw 10K White Gold 7&quot;,1799.99,https://www.kayoutlet.com/kay-labgrown-diamonds-tennis-bracelet-4-ct-tw-10k-white-gold-7/p/V-950311009
Silk Rope Chain Bracelet 5.7mm Solid 14K Yellow Gold 8&quot;,2649.99,https://www.kayoutlet.com/silk-rope-chain-bracelet-57mm-solid-14k-yellow-gold-8/p/V-950309308
Men's Diamond Angled Curb Bracelet 8.5&quot;,9499.99,https://www.kayoutlet.com/mens-diamond-angled-curb-bracelet-85/p/V-950274706
Men's Cultured Pearl Bracelet 14K Yellow Gold 8.5&quot;,649.99,https://www.kayoutlet.com/mens-cultured-pearl-bracelet-14k-yellow-gold-85/p/V-931020705
Men's Diamond Cross Mariner Link Bracelet 2-1/2 ct tw 10K Yellow Gold 8.5&quot;,5249.99,https://www.kayoutlet.com/mens-diamond-cross-mariner-link-bracelet-212-ct-tw-10k-yellow-gold-85/p/V-930931706
Diamond Tennis Bracelet 2 ct tw 10K White Gold 7&quot;,5199.99,https://www.kayoutlet.com/diamond-tennis-bracelet-2-ct-tw-10k-white-gold-7/p/V-930915804
Diamond Flex Bangle Bracelet 1/3 ct tw 10K Yellow Gold,3099.99,https://www.kayoutlet.com/diamond-flex-bangle-bracelet-13-ct-tw-10k-yellow-gold/p/V-930874906
Diamond Bangle Bracelet 1 ct tw 10K White Gold,1599.99,https://www.kayoutlet.com/diamond-bangle-bracelet-1-ct-tw-10k-white-gold/p/V-920395908
Palm Tree Bolo Bracelet 14K Yellow Gold,569.99,https://www.kayoutlet.com/palm-tree-bolo-bracelet-14k-yellow-gold/p/V-920363708
Baguette & Round-Cut Diamond Cushion Link Bangle Bracelet 1-1/2 ct tw 14K Yellow Gold,3799.99,https://www.kayoutlet.com/baguette-roundcut-diamond-cushion-link-bangle-bracelet-112-ct-tw-14k-yellow-gold/p/V-920353000
Figaro Chain Anklet 3.55mm Hollow 14K Yellow Gold 11”,899.99,https://www.kayoutlet.com/figaro-chain-anklet-355mm-hollow-14k-yellow-gold-11-/p/V-920311103
Birthstone Family & Mother's Bracelet (1-6 Stones),146.47,https://www.kayoutlet.com/birthstone-family-mothers-bracelet-16-stones/p/V-9161
Birthstone 'Mama' Bracelet (1-4 Stones),147.57,https://www.kayoutlet.com/birthstone-mama-bracelet-14-stones/p/V-9141
Birthstone Family & Mother's Bracelet (1-5 Stones),148.21,https://www.kayoutlet.com/birthstone-family-mothers-bracelet-15-stones/p/V-9133
Men's 1.85mm Rope Chain Necklace & Bracelet Gift Set Solid 10K Yellow Gold,1499.99,https://www.kayoutlet.com/mens-185mm-rope-chain-necklace-bracelet-gift-set-solid-10k-yellow-gold/p/V-910609003
Oval-Cut Natural Emerald & Diamond Link Bracelet 1/4 ct tw 14K White Gold 7.25&quot;,2999.99,https://www.kayoutlet.com/ovalcut-natural-emerald-diamond-link-bracelet-14-ct-tw-14k-white-gold-725/p/V-910496405
&quot;Love&quot; Bolo Bracelet 14K Yellow Gold,569.99,https://www.kayoutlet.com/love-bolo-bracelet-14k-yellow-gold/p/V-910481302
Blue & White Lab-Created Sapphire S-Link Bracelet 10K White Gold 7&quot;,1199.99,https://www.kayoutlet.com/blue-white-labcreated-sapphire-slink-bracelet-10k-white-gold-7/p/V-910472505
Diamond Adjustable Line Tennis Bracelet 1 ct tw 10K White Gold 6.25&quot; to 9&quot;,1149.99,https://www.kayoutlet.com/diamond-adjustable-line-tennis-bracelet-1-ct-tw-10k-white-gold-625-to-9/p/V-910421306
Birthstone Family & Mother's Hearts Bracelet (1-5 Stones),148.1,https://www.kayoutlet.com/birthstone-family-mothers-hearts-bracelet-15-stones/p/V-9104
Diamond Station Flex Bangle Bracelet 1/6 ct tw 10K Yellow Gold,749.99,https://www.kayoutlet.com/diamond-station-flex-bangle-bracelet-16-ct-tw-10k-yellow-gold/p/V-900296409
Previously Owned Lab-Grown Diamond Tennis Bracelet 2-1/2 ct tw 10K White Gold 7.25&quot;,1379.99,https://www.kayoutlet.com/previously-owned-labgrown-diamond-tennis-bracelet-212-ct-tw-10k-white-gold-725/p/V-890903709
Previously Owned Diamond Ellipse Link Bracelet 2 ct tw 10K Yellow Gold 7.25&quot;,1119.99,https://www.kayoutlet.com/previously-owned-diamond-ellipse-link-bracelet-2-ct-tw-10k-yellow-gold-725/p/V-890899305
Previously Owned KAY Lab-Grown Diamonds Line Bracelet 10 ct tw 10K White Gold 7.25&quot;,2999.99,https://www.kayoutlet.com/previously-owned-kay-labgrown-diamonds-line-bracelet-10-ct-tw-10k-white-gold-725/p/V-890894102
Previously Owned Memories Moments Magic Lab-Grown Diamond Bracelet 3 ct tw 14K White Gold 7&quot;,2099.99,https://www.kayoutlet.com/previously-owned-memories-moments-magic-labgrown-diamond-bracelet-3-ct-tw-14k-white-gold-7/p/V-890653001
Previously Owned Diamond Link Bracelet with Magnetic Clasp 1/2 ct tw 10K Yellow Gold 7&quot;,1079.99,https://www.kayoutlet.com/previously-owned-diamond-link-bracelet-magnetic-clasp-12-ct-tw-10k-yellow-gold-7/p/V-890648900
Previously Owned Diamond Double-Row Endless Bracelet 2 ct tw 10K White Gold 7&quot;,2399.99,https://www.kayoutlet.com/previously-owned-diamond-doublerow-endless-bracelet-2-ct-tw-10k-white-gold-7/p/V-890264106
Previously Owned Love Entwined Diamond Adjustable Teardrop-Link Bracelet 1 ct tw 10K White Gold 9&quot;,1279.99,https://www.kayoutlet.com/previously-owned-love-entwined-diamond-adjustable-teardroplink-bracelet-1-ct-tw-10k-white-gold-9/p/V-890240904
Previously Owned Diamond Bracelet 1 ct tw 10K Yellow Gold 7&quot;,1379.99,https://www.kayoutlet.com/previously-owned-diamond-bracelet-1-ct-tw-10k-yellow-gold-7/p/V-886828108
Previously Owned Joining Hearts Diamond Bracelet 1/3 ct tw 10K Rose Gold & Sterling Silver 7.25&quot;,499.99,https://www.kayoutlet.com/previously-owned-joining-hearts-diamond-bracelet-13-ct-tw-10k-rose-gold-sterling-silver-725/p/V-886084603
KAY Lab-Grown Diamonds Triple-Row Bracelet 10 ct tw 10K White Gold 7.25&quot;,2399.99,https://www.kayoutlet.com/kay-labgrown-diamonds-triplerow-bracelet-10-ct-tw-10k-white-gold-725/p/V-885895300
Previously Owned Multi-Diamond Bolo Bracelet 1 ct tw 10K White Gold 9.5&quot;,879.99,https://www.kayoutlet.com/previously-owned-multidiamond-bolo-bracelet-1-ct-tw-10k-white-gold-95/p/V-885698302
Previously Owned Diamond Tennis Bracelet 1 ct tw Round-Cut 10K White Gold 7&quot;,1199.99,https://www.kayoutlet.com/previously-owned-diamond-tennis-bracelet-1-ct-tw-roundcut-10k-white-gold-7/p/V-885417408
Previously Owned Diamond Link Bracelet 1 ct tw 10K White Gold 7&quot;,919.99,https://www.kayoutlet.com/previously-owned-diamond-link-bracelet-1-ct-tw-10k-white-gold-7/p/V-885412700
Previously Owned Diamond Bracelet 1 ct tw 10K Yellow Gold 7&quot;,1199.99,https://www.kayoutlet.com/previously-owned-diamond-bracelet-1-ct-tw-10k-yellow-gold-7/p/V-885037806
Previously Owned Diamond Bracelet 1 ct tw 10K White Gold 7.25&quot;,999.5,https://www.kayoutlet.com/previously-owned-diamond-bracelet-1-ct-tw-10k-white-gold-725/p/V-882717503
Previously Owned Diamond Bracelet 4 Carats tw 14K White Gold,3899.99,https://www.kayoutlet.com/previously-owned-diamond-bracelet-4-carats-tw-14k-white-gold/p/V-881282709
Previously Owned Diamond Bracelet 1-1/2 ct tw 14K White Gold,1619.99,https://www.kayoutlet.com/previously-owned-diamond-bracelet-112-ct-tw-14k-white-gold/p/V-880200201
Paperclip Chain Anklet Hollow 10K Yellow Gold 10&quot;,669.99,https://www.kayoutlet.com/paperclip-chain-anklet-hollow-10k-yellow-gold-10/p/V-877931004
Cuban Curb Chain Bracelet 4.95mm Solid 14K Yellow Gold 8.5&quot;,5499.99,https://www.kayoutlet.com/cuban-curb-chain-bracelet-495mm-solid-14k-yellow-gold-85/p/V-877468102
Adore Heirloom Certified Diamond Tennis Bracelet 3 ct tw 18K Yellow Gold 7&quot;,14999.99,https://www.kayoutlet.com/adore-heirloom-certified-diamond-tennis-bracelet-3-ct-tw-18k-yellow-gold-7/p/V-861401204
Men's Diamond Alternating Curb Chain Bracelet 1 ct tw 10K Yellow Gold 8.5&quot;,6399.99,https://www.kayoutlet.com/mens-diamond-alternating-curb-chain-bracelet-1-ct-tw-10k-yellow-gold-85/p/V-851575201
Diamond Line Bangle Bracelet 1-3/8 ct tw 14K White Gold,3599.99,https://www.kayoutlet.com/diamond-line-bangle-bracelet-138-ct-tw-14k-white-gold/p/V-851523605
Diamond S-Link Bracelet 5 ct tw 14K White Gold 7&quot;,4749.99,https://www.kayoutlet.com/diamond-slink-bracelet-5-ct-tw-14k-white-gold-7/p/V-851482505
Le Vian Diamond Bolo Bracelet 1/2 ct tw 14K Strawberry Gold,1374.99,https://www.kayoutlet.com/le-vian-diamond-bolo-bracelet-12-ct-tw-14k-strawberry-gold/p/V-851427904
Diamond-Cut Semi-Solid Square-Link Bracelet 10K Yellow Gold 7.5&quot;,1599.99,https://www.kayoutlet.com/diamondcut-semisolid-squarelink-bracelet-10k-yellow-gold-75/p/V-851405504
KAY Lab-Grown Diamonds Pear-Shaped Tennis Bracelet 3 ct tw 14K White Gold 7.25&quot;,3399.99,https://www.kayoutlet.com/kay-labgrown-diamonds-pearshaped-tennis-bracelet-3-ct-tw-14k-white-gold-725/p/V-840954008
Men's KAY Lab-Grown Diamonds Geometric Link Halo Bracelet 5 ct tw 10K White Gold,9999.99,https://www.kayoutlet.com/mens-kay-labgrown-diamonds-geometric-link-halo-bracelet-5-ct-tw-10k-white-gold/p/V-840931404
1/5 ct tw Diamond Couple's Heart Bolo Bracelet (2 Lines),242.13,https://www.kayoutlet.com/15-ct-tw-diamond-couples-heart-bolo-bracelet-2-lines/p/V-8385
Diamond Twist Link Bolo Bracelet 1/4 ct tw 10K Yellow Gold,1799.99,https://www.kayoutlet.com/diamond-twist-link-bolo-bracelet-14-ct-tw-10k-yellow-gold/p/V-835050600
Lab-Grown Diamond Multi-Stone Swirl Bracelet 1-1/2 ct tw 10K Yellow Gold 7&quot;,1439.99,https://www.kayoutlet.com/labgrown-diamond-multistone-swirl-bracelet-112-ct-tw-10k-yellow-gold-7/p/V-835023502
Heart-Shaped Lab-Created Ruby Paperclip Chain Bracelet 10K Yellow Gold 7.5&quot;,199.99,https://www.kayoutlet.com/heartshaped-labcreated-ruby-paperclip-chain-bracelet-10k-yellow-gold-75/p/V-834885701
Barbie Malibu Flower Pink Lab-Created Sapphire Bolo Bracelet Sterling Silver & 10K Rose Gold,199.99,https://www.kayoutlet.com/barbie-malibu-flower-pink-labcreated-sapphire-bolo-bracelet-sterling-silver-10k-rose-gold/p/V-818738902
Love Ignited Diamond Flame Link Bracelet 3/4 ct tw 10K Two-Tone Gold 7&quot;,1399.99,https://www.kayoutlet.com/love-ignited-diamond-flame-link-bracelet-34-ct-tw-10k-twotone-gold-7/p/V-818568406
Diamond &quot;Mom&quot; Bolo Bracelet 1/10 ct tw Sterling Silver & 10K Yellow Gold,399.99,https://www.kayoutlet.com/diamond-mom-bolo-bracelet-110-ct-tw-sterling-silver-10k-yellow-gold/p/V-802691903
1/20 ct tw Black and White  Diamond Heart Bracelet (2 Lines),164,https://www.kayoutlet.com/120-ct-tw-black-white-diamond-heart-bracelet-2-lines/p/V-7959
Birthstone Family & Mother's Bracelet (2-5 Stones and Lines),133.85,https://www.kayoutlet.com/birthstone-family-mothers-bracelet-25-stones-lines/p/V-7643
Reaura Textured Hollow Bangle Bracelet Repurposed 14K Yellow Gold,399.99,https://www.kayoutlet.com/reaura-textured-hollow-bangle-bracelet-repurposed-14k-yellow-gold/p/V-762213003
Men's KAY Lab-Grown Diamonds Link Bracelet 2-1/2 ct tw 10K Yellow Gold 8.5&quot;,11999.99,https://www.kayoutlet.com/mens-kay-labgrown-diamonds-link-bracelet-212-ct-tw-10k-yellow-gold-85/p/V-751382704
Children's ID Tag & Heart Bracelet 14K Yellow Gold 5.5&quot;,429.99,https://www.kayoutlet.com/childrens-id-tag-heart-bracelet-14k-yellow-gold-55/p/V-751361306
Children's ID Bracelet (4 Lines),123.13,https://www.kayoutlet.com/childrens-id-bracelet-4-lines/p/V-7459
Children's Birthstone ID Butterfly Bracelet (1 Stone and 2 Lines),150.31,https://www.kayoutlet.com/childrens-birthstone-id-butterfly-bracelet-1-stone-2-lines/p/V-7456
7mm Curb Chain Bracelet Hollow 10K Yellow Gold 8.5&quot;,2699.99,https://www.kayoutlet.com/7mm-curb-chain-bracelet-hollow-10k-yellow-gold-85/p/V-731642005
Bead Trio & Bar Station Anklet 10K Yellow Gold 10&quot;,449.99,https://www.kayoutlet.com/bead-trio-bar-station-anklet-10k-yellow-gold-10/p/V-731485900
10mm Hexagon Curb Chain Bracelet Semi-Solid 10K Yellow Gold 8.5&quot;,4999.99,https://www.kayoutlet.com/10mm-hexagon-curb-chain-bracelet-semisolid-10k-yellow-gold-85/p/V-731485304
Diamond Bangle Bracelet 1/2 ct tw 10K Yellow Gold,1399.99,https://www.kayoutlet.com/diamond-bangle-bracelet-12-ct-tw-10k-yellow-gold/p/V-723503708
Men's KAY Lab-Grown Diamonds Octagon Link Bracelet 5 ct tw 10K Yellow Gold 8.5&quot;,9799.99,https://www.kayoutlet.com/mens-kay-labgrown-diamonds-octagon-link-bracelet-5-ct-tw-10k-yellow-gold-85/p/V-723503203
KAY Lab-Grown Diamonds Men's Twist Link Bracelet 3/4 ct tw 10K Yellow Gold 8.5&quot;,3999.99,https://www.kayoutlet.com/kay-labgrown-diamonds-mens-twist-link-bracelet-34-ct-tw-10k-yellow-gold-85/p/V-723467407
Mama Bear & Heart Charm Bracelet 14K Yellow Gold 7.25&quot;,999.99,https://www.kayoutlet.com/mama-bear-heart-charm-bracelet-14k-yellow-gold-725/p/V-723449803
Cursive &quot;Mama&quot; Bracelet 14K Yellow Gold 8.25&quot;,599.99,https://www.kayoutlet.com/cursive-mama-bracelet-14k-yellow-gold-825/p/V-723448609
&quot;Mama&quot; Curb Chain Bracelet 14K Yellow Gold 7.5&quot;,1299.99,https://www.kayoutlet.com/mama-curb-chain-bracelet-14k-yellow-gold-75/p/V-723442202
Curb Chain Bracelet 6.5mm Solid 10K Yellow Gold 8.5&quot;,2999.99,https://www.kayoutlet.com/curb-chain-bracelet-65mm-solid-10k-yellow-gold-85/p/V-723421501
Ellipse-Link Bracelet 14K Tri-Tone Gold 7.5&quot;,1349.99,https://www.kayoutlet.com/ellipselink-bracelet-14k-tritone-gold-75/p/V-723402309
Diamond-Cut Quinceañera Hearts Bracelet 14K Tri-Tone Gold 7.5&quot;,2999.99,https://www.kayoutlet.com/diamondcut-quincea-era-hearts-bracelet-14k-tritone-gold-75/p/V-723402208
Heart-Link ID Bracelet 14K Tri-Tone Gold 7.5&quot;,1749.99,https://www.kayoutlet.com/heartlink-id-bracelet-14k-tritone-gold-75/p/V-723402107
Round-Cut Diamond Bangle Bracelet 1/2 ct tw 10K Yellow Gold,2999.99,https://www.kayoutlet.com/roundcut-diamond-bangle-bracelet-12-ct-tw-10k-yellow-gold/p/V-723331207
Infinity Anklet 14K Yellow Gold 9.75&quot;,1249.99,https://www.kayoutlet.com/infinity-anklet-14k-yellow-gold-975/p/V-723283204
Butterfly Beaded Anklet 10K Yellow Gold 10&quot;,239.99,https://www.kayoutlet.com/butterfly-beaded-anklet-10k-yellow-gold-10/p/V-723281109
Bar Bolo Bracelet 10K Yellow Gold 9.5&quot;,749.99,https://www.kayoutlet.com/bar-bolo-bracelet-10k-yellow-gold-95/p/V-723280804
Wheat Chain Bracelet Hollow 10K Yellow Gold 8.5&quot;,499.99,https://www.kayoutlet.com/wheat-chain-bracelet-hollow-10k-yellow-gold-85/p/V-723279307
Mariner Chain Bracelet Solid 10K Yellow Gold 8.5&quot;,2199.99,https://www.kayoutlet.com/mariner-chain-bracelet-solid-10k-yellow-gold-85/p/V-723279206
Stampato Heart Bracelet 10K Tri-Tone Gold 7.5&quot;,1649.99,https://www.kayoutlet.com/stampato-heart-bracelet-10k-tritone-gold-75/p/V-723230607
Men's Cuban Curb Chain Bracelet 2 ct tw Diamonds 10K Yellow Gold 8.5&quot;,3899.99,https://www.kayoutlet.com/mens-cuban-curb-chain-bracelet-2-ct-tw-diamonds-10k-yellow-gold-85/p/V-723119208
Textured Bead Anklet 10K Tri-Color Gold 10&quot;,599.99,https://www.kayoutlet.com/textured-bead-anklet-10k-tricolor-gold-10/p/V-722797608
Heart Rope Chain Bracelet 10K Yellow Gold 7.25&quot;,849.99,https://www.kayoutlet.com/heart-rope-chain-bracelet-10k-yellow-gold-725/p/V-722735305
Heart Anklet 10K Yellow Gold 10&quot;,599.99,https://www.kayoutlet.com/heart-anklet-10k-yellow-gold-10/p/V-722702103
Figaro Link Bracelet Hollow 10K Yellow Gold 9&quot;,2699.99,https://www.kayoutlet.com/figaro-link-bracelet-hollow-10k-yellow-gold-9/p/V-722440409
KAY Lab-Grown Diamonds Link Bracelet 1 ct tw 10K White Gold 7&quot;,2799.99,https://www.kayoutlet.com/kay-labgrown-diamonds-link-bracelet-1-ct-tw-10k-white-gold-7/p/V-716013608
KAY Lab-Grown Diamonds Tennis Bracelet 15 ct tw 14K White Gold 7&quot;,19999.99,https://www.kayoutlet.com/kay-labgrown-diamonds-tennis-bracelet-15-ct-tw-14k-white-gold-7/p/V-716013305
8mm Monaco & Figaro Chain Link Bracelet Semi-Solid 10K Yellow Gold 8.5&quot;,3999.99,https://www.kayoutlet.com/8mm-monaco-figaro-chain-link-bracelet-semisolid-10k-yellow-gold-85/p/V-660822305
Paperclip Chain Bracelet Semi-Solid 10K Yellow Gold 7.5&quot;,1499.99,https://www.kayoutlet.com/paperclip-chain-bracelet-semisolid-10k-yellow-gold-75/p/V-660822204
"Curb Chain Necklace, Hoop Earrings & Curb Chain Bracelet Gift Set 14K Yellow Gold",5999.99,https://www.kayoutlet.com/curb-chain-necklace-hoop-earrings-curb-chain-bracelet-gift-set-14k-yellow-gold/p/V-655893206
KAY Lab-Grown Diamonds Men's Curb Link Bracelet 4 ct tw 10K Yellow Gold 8.5&quot;,10699.99,https://www.kayoutlet.com/kay-labgrown-diamonds-mens-curb-link-bracelet-4-ct-tw-10k-yellow-gold-85/p/V-655888701
Oval Link Chain Bracelet 14K Yellow Gold 7.5&quot;,2399.99,https://www.kayoutlet.com/oval-link-chain-bracelet-14k-yellow-gold-75/p/V-655806002
Byzantine Chain Bracelet 5.85mm Solid 10K Yellow Gold 8.5&quot;,5799.99,https://www.kayoutlet.com/byzantine-chain-bracelet-585mm-solid-10k-yellow-gold-85/p/V-655754707
Wavy Bangle Bracelet 10K Yellow Gold,969.99,https://www.kayoutlet.com/wavy-bangle-bracelet-10k-yellow-gold/p/V-655754303
Birthstone Mama Bracelet (1 Stone),132.23,https://www.kayoutlet.com/birthstone-mama-bracelet-1-stone/p/V-6264
Polished Twist Bangle Bracelet 10K Yellow Gold,1599.99,https://www.kayoutlet.com/polished-twist-bangle-bracelet-10k-yellow-gold/p/V-622416206
Hollow Polished Square Tube Bangle Bracelet 10K Yellow Gold 7&quot;,1299.99,https://www.kayoutlet.com/hollow-polished-square-tube-bangle-bracelet-10k-yellow-gold-7/p/V-622413805
Heart Charm Bismark Bracelet Hollow 14K Yellow Gold 7.5&quot;,1799.99,https://www.kayoutlet.com/heart-charm-bismark-bracelet-hollow-14k-yellow-gold-75/p/V-622371300
Men's Diamond Curb Chain Bracelet 1-1/2 ct tw 10K Yellow Gold 8.5&quot;,7499.99,https://www.kayoutlet.com/mens-diamond-curb-chain-bracelet-112-ct-tw-10k-yellow-gold-85/p/V-581636204
Diamond Bangle Bracelet 1/2 ct tw 10K White Gold,1124.99,https://www.kayoutlet.com/diamond-bangle-bracelet-12-ct-tw-10k-white-gold/p/V-581608902
KAY Lab-Grown Diamonds Round-Cut Bangle Bracelet 2 ct tw 14K White Gold,2129.99,https://www.kayoutlet.com/kay-labgrown-diamonds-roundcut-bangle-bracelet-2-ct-tw-14k-white-gold/p/V-581289206
Lab-Created White Sapphire Bolo Bracelet,189.1,https://www.kayoutlet.com/labcreated-white-sapphire-bolo-bracelet/p/V-5754
Adjustable Lab-Created White Sapphires Nameplate Tennis Bracelet,174.65,https://www.kayoutlet.com/adjustable-labcreated-white-sapphires-nameplate-tennis-bracelet/p/V-5713
Couple's Color Stone and White Lab-Created Sapphire Heart Bracelet,135.25,https://www.kayoutlet.com/couples-color-stone-white-labcreated-sapphire-heart-bracelet/p/V-5688
Family & Mother's Initial Disc Bolo Bracelet (4 Stones and 1 Initial),198.64,https://www.kayoutlet.com/family-mothers-initial-disc-bolo-bracelet-4-stones-1-initial/p/V-5684
Family & Mother's Birthstone Halo Bolo Bracelet (6 Stones),190.51,https://www.kayoutlet.com/family-mothers-birthstone-halo-bolo-bracelet-6-stones/p/V-5676
Color Stone Family Heart Bracelet,154.85,https://www.kayoutlet.com/color-stone-family-heart-bracelet/p/V-5672
Family & Mother's Birthstone Bolo Bracelet (2-4 Stones),175.57,https://www.kayoutlet.com/family-mothers-birthstone-bolo-bracelet-24-stones/p/V-5661
Color Stone Family Hearts Bolo Bracelet,187.55,https://www.kayoutlet.com/color-stone-family-hearts-bolo-bracelet/p/V-5648
Diamond Link Bracelet 2 ct tw 10K White Gold 7.25&quot;,2199.99,https://www.kayoutlet.com/diamond-link-bracelet-2-ct-tw-10k-white-gold-725/p/V-564089100
Diamond Swirl Link Bracelet 4 ct tw 10K Yellow Gold 7.25&quot;,3999.99,https://www.kayoutlet.com/diamond-swirl-link-bracelet-4-ct-tw-10k-yellow-gold-725/p/V-564088704
Diamond Multi-Row Bracelet 6 ct tw 10K Yellow Gold,5199.99,https://www.kayoutlet.com/diamond-multirow-bracelet-6-ct-tw-10k-yellow-gold/p/V-564088603
Paperclip Chain Anklet Hollow 10K Yellow Gold 10&quot;,669.99,https://www.kayoutlet.com/paperclip-chain-anklet-hollow-10k-yellow-gold-10/p/V-563845508
Diamond Tennis Bracelet 1 ct tw 10K White Gold 7&quot;,3299.99,https://www.kayoutlet.com/diamond-tennis-bracelet-1-ct-tw-10k-white-gold-7/p/V-555474307
Men's Diamond Railroad Link Bracelet 3-1/2 ct tw 10K Yellow Gold 8.5&quot;,6499.99,https://www.kayoutlet.com/mens-diamond-railroad-link-bracelet-312-ct-tw-10k-yellow-gold-85/p/V-555474206
Birthstone Family & Mother's Bolo Bracelet (5 Stones and 1 Lines),161.63,https://www.kayoutlet.com/birthstone-family-mothers-bolo-bracelet-5-stones-1-lines/p/V-5388
Birthstone Family & Mother's Bolo Bracelet (2-5 Stones and Lines),164.54,https://www.kayoutlet.com/birthstone-family-mothers-bolo-bracelet-25-stones-lines/p/V-5361
Birthstone Family & Mother's Hearts Bolo Bracelet (2-5 Stones and 1 Line),166.75,https://www.kayoutlet.com/birthstone-family-mothers-hearts-bolo-bracelet-25-stones-1-line/p/V-5351
Multi-Diamond Circle & Paperclip Link Bracelet 1/2 ct tw 10K Yellow Gold 7&quot;,2499.99,https://www.kayoutlet.com/multidiamond-circle-paperclip-link-bracelet-12-ct-tw-10k-yellow-gold-7/p/V-534329204
Birthstone Couple's Bar Bolo Bracelet (1 Name),163.82,https://www.kayoutlet.com/birthstone-couples-bar-bolo-bracelet-1-name/p/V-5343
Diamond Bangle Bracelet 1-1/2 ct tw 10K Yellow Gold,2799.99,https://www.kayoutlet.com/diamond-bangle-bracelet-112-ct-tw-10k-yellow-gold/p/V-534177908
Birthstone Family & Mother's Peas In A Pod Bolo Bracelet (4 Stones and 1 Line),177.07,https://www.kayoutlet.com/birthstone-family-mothers-peas-a-pod-bolo-bracelet-4-stones-1-line/p/V-5321
Pear-Shaped Lab-Created Emerald & White Lab-Created Sapphire S-Link Bolo Bracelet 10K White Gold,659.99,https://www.kayoutlet.com/pearshaped-labcreated-emerald-white-labcreated-sapphire-slink-bolo-bracelet-10k-white-gold/p/V-522276005
Diamond Bracelet 2 ct tw 10K Yellow Gold 7.5&quot;,2799.99,https://www.kayoutlet.com/diamond-bracelet-2-ct-tw-10k-yellow-gold-75/p/V-514472808
Sideways Wishbone Bracelet 14K Yellow Gold 7&quot;,999.99,https://www.kayoutlet.com/sideways-wishbone-bracelet-14k-yellow-gold-7/p/V-514225907
Puff Mariner Chain Bracelet Solid 14K Yellow Gold 7.5&quot;,1699.99,https://www.kayoutlet.com/puff-mariner-chain-bracelet-solid-14k-yellow-gold-75/p/V-514225301
Herringbone & Curb Chain Bracelet with Circle Charm Hollow 14K Yellow Gold 7.5&quot;,1899.99,https://www.kayoutlet.com/herringbone-curb-chain-bracelet-circle-charm-hollow-14k-yellow-gold-75/p/V-514159906
London Blue Topaz and White Topaz Fashion Bracelet 10K Rose Gold,3608.34,https://www.kayoutlet.com/london-blue-topaz-white-topaz-fashion-bracelet-10k-rose-gold/p/V-4YZ2QFPO9
Peridot and White Topaz Fashion Bracelet 10K Yellow Gold,3931.5,https://www.kayoutlet.com/peridot-white-topaz-fashion-bracelet-10k-yellow-gold/p/V-4YZ2HFTV4
Tanzanite and White Topaz Fashion Bracelet 10K Yellow Gold,3775.25,https://www.kayoutlet.com/tanzanite-white-topaz-fashion-bracelet-10k-yellow-gold/p/V-4YZ2HFS3O
London Blue Topaz and White Topaz Fashion Bracelet 10K Yellow Gold,2716.06,https://www.kayoutlet.com/london-blue-topaz-white-topaz-fashion-bracelet-10k-yellow-gold/p/V-4YDHUXULO
Tanzanite and White Topaz Fashion Bracelet 10K Yellow Gold,2881.38,https://www.kayoutlet.com/tanzanite-white-topaz-fashion-bracelet-10k-yellow-gold/p/V-4YDHUXUL9
Peridot and White Topaz Fashion Bracelet 10K Rose Gold,2678.69,https://www.kayoutlet.com/peridot-white-topaz-fashion-bracelet-10k-rose-gold/p/V-4YDH4XQFO
Pink Tourmaline and White Topaz Fashion Bracelet 10K Rose Gold,2719.25,https://www.kayoutlet.com/pink-tourmaline-white-topaz-fashion-bracelet-10k-rose-gold/p/V-4YDH4XPLY
Citrine and Amethyst Fashion Bracelet 10K Yellow Gold,3206.69,https://www.kayoutlet.com/citrine-amethyst-fashion-bracelet-10k-yellow-gold/p/V-4XPW9EMKT
London Blue Topaz and Peridot Fashion Bracelet 10K Yellow Gold,2932.34,https://www.kayoutlet.com/london-blue-topaz-peridot-fashion-bracelet-10k-yellow-gold/p/V-4XPW9EME9
London Blue Topaz and White Topaz Fashion Bracelet 10K Rose Gold,3249.03,https://www.kayoutlet.com/london-blue-topaz-white-topaz-fashion-bracelet-10k-rose-gold/p/V-4W3DVYRFY
Peridot and White Topaz Fashion Bracelet 10K Yellow Gold,3327.94,https://www.kayoutlet.com/peridot-white-topaz-fashion-bracelet-10k-yellow-gold/p/V-4W3DMYW9Y
1/6 ct tw Diamond and Birthstone Couple's Initials Bolo Bracelet (1 Stone and 2 Initials),219.26,https://www.kayoutlet.com/16-ct-tw-diamond-birthstone-couples-initials-bolo-bracelet-1-stone-2-initials/p/V-4925
Couple's Birthstone Initials Bolo Bracelet (1 Stone and 2 Initials),130.68,https://www.kayoutlet.com/couples-birthstone-initials-bolo-bracelet-1-stone-2-initials/p/V-4924
Birthstone Nameplate Bolo Bracelet (1 Stone and Name),153.68,https://www.kayoutlet.com/birthstone-nameplate-bolo-bracelet-1-stone-name/p/V-4923
Diamond Link Bracelet 1/8 ct tw 10K Yellow Gold 7.5&quot;,2299.99,https://www.kayoutlet.com/diamond-link-bracelet-18-ct-tw-10k-yellow-gold-75/p/V-491588303
Diamond-Cut Barrel Bead Station Bolo Bracelet 10K Yellow Gold 9&quot;,769.99,https://www.kayoutlet.com/diamondcut-barrel-bead-station-bolo-bracelet-10k-yellow-gold-9/p/V-491550808
Le Vian Chocolatier Diamond Bangle 3 ct tw 18K Strawberry Gold,24998,https://www.kayoutlet.com/le-vian-chocolatier-diamond-bangle-3-ct-tw-18k-strawberry-gold/p/V-476012808
Le Vian Exotics Diamond Bangle 7-1/2 ct tw 18K Strawberry Gold,25478,https://www.kayoutlet.com/le-vian-exotics-diamond-bangle-712-ct-tw-18k-strawberry-gold/p/V-476012606
1/15 ct tw Diamond Initial Bracelet (1 Initial),127.92,https://www.kayoutlet.com/115-ct-tw-diamond-initial-bracelet-1-initial/p/V-4740
Hollow Polished Tube Bangle Bracelet 10K Yellow Gold,1299.99,https://www.kayoutlet.com/hollow-polished-tube-bangle-bracelet-10k-yellow-gold/p/V-456161304
Diamond Marquise Link Bracelet 1 ct tw 10K Yellow Gold 7.25&quot;,3999.99,https://www.kayoutlet.com/diamond-marquise-link-bracelet-1-ct-tw-10k-yellow-gold-725/p/V-456077902
Threads of Love Multi-Diamond Marquise Twist Frame Line Bracelet 1/2 ct tw 10K Yellow Gold 7&quot;,3799.99,https://www.kayoutlet.com/threads-of-love-multidiamond-marquise-twist-frame-line-bracelet-12-ct-tw-10k-yellow-gold-7/p/V-442561407
Birthstone Family & Mother's Bracelet (5 Stones and Lines),170.98,https://www.kayoutlet.com/birthstone-family-mothers-bracelet-5-stones-lines/p/V-4388
Round Box Chain Bracelet 5mm Hollow 10K Yellow Gold 8.5&quot;,899.99,https://www.kayoutlet.com/round-box-chain-bracelet-5mm-hollow-10k-yellow-gold-85/p/V-432055402
KAY Lab-Grown Diamonds Line Bracelet 10 ct tw 10K Yellow Gold 7.25&quot;,5199.99,https://www.kayoutlet.com/kay-labgrown-diamonds-line-bracelet-10-ct-tw-10k-yellow-gold-725/p/V-581443708
Diamond Line Bangle Bracelet 7/8 ct tw 14K White Gold 7&quot;,2719.99,https://www.kayoutlet.com/diamond-line-bangle-bracelet-78-ct-tw-14k-white-gold-7/p/V-423581901
Diamond S-Link Bracelet 1/4 ct tw Sterling Silver & 10K Rose Gold 7.25&quot;,399.99,https://www.kayoutlet.com/diamond-slink-bracelet-14-ct-tw-sterling-silver-10k-rose-gold-725/p/V-423468507
Twist Bangle Bracelet 14K Yellow Gold 8&quot;,629.99,https://www.kayoutlet.com/twist-bangle-bracelet-14k-yellow-gold-8/p/V-423397203
KAY Lab-Grown Diamonds Tennis Bracelet 7 ct tw 10K Yellow Gold 7.25&quot;,5599.99,https://www.kayoutlet.com/kay-labgrown-diamonds-tennis-bracelet-7-ct-tw-10k-yellow-gold-725/p/V-581444205
Children's Engravable Bracelet (4 Lines),116.24,https://www.kayoutlet.com/childrens-engravable-bracelet-4-lines/p/V-4232
5.7mm Curb Chain Necklace & Bracelet Set Semi-Solid 10K Yellow Gold,4999.99,https://www.kayoutlet.com/57mm-curb-chain-necklace-bracelet-set-semisolid-10k-yellow-gold/p/V-401679105
Semi-Solid Curb Chain Necklace & Bracelet 10K Yellow Gold,4999.99,https://www.kayoutlet.com/semisolid-curb-chain-necklace-bracelet-10k-yellow-gold/p/V-401526900
Nameplate Bracelet (1 Name),117.44,https://www.kayoutlet.com/nameplate-bracelet-1-name/p/V-3992
Diamond Adjustable Line Tennis Bracelet 1/2 ct tw 10K White Gold,879.99,https://www.kayoutlet.com/diamond-adjustable-line-tennis-bracelet-12-ct-tw-10k-white-gold/p/V-393968108
Diamond Cushion Flex Cuff Bangle Bracelet 1/2 ct tw 10K White Gold,899.99,https://www.kayoutlet.com/diamond-cushion-flex-cuff-bangle-bracelet-12-ct-tw-10k-white-gold/p/V-393925007
KAY Lab-Grown Diamonds Twist Link Bracelet 1 ct tw 10K Yellow Gold 7.25&quot;,2799.99,https://www.kayoutlet.com/kay-labgrown-diamonds-twist-link-bracelet-1-ct-tw-10k-yellow-gold-725/p/V-381118304
Diamond Adjustable Line Tennis Bracelet 1/4 ct tw 10K White Gold,679.99,https://www.kayoutlet.com/diamond-adjustable-line-tennis-bracelet-14-ct-tw-10k-white-gold/p/V-377032800
Diamond Tapered Link Bracelet 7/8 ct tw 14K White Gold,2399.99,https://www.kayoutlet.com/diamond-tapered-link-bracelet-78-ct-tw-14k-white-gold/p/V-360813808
KAY Lab-Grown Diamonds Men's Cushion Link Bracelet 12-3/8 ct tw 10K Yellow Gold 8.5&quot;,11999.99,https://www.kayoutlet.com/kay-labgrown-diamonds-mens-cushion-link-bracelet-1238-ct-tw-10k-yellow-gold-85/p/V-351239203
&quot;Mama&quot; Bracelet 14K Yellow Gold 7.25&quot;,499.99,https://www.kayoutlet.com/mama-bracelet-14k-yellow-gold-725/p/V-351226105
6.5-7mm Cultured Akoya Pearl Bracelet 14K White Gold 7.5&quot;,1699.99,https://www.kayoutlet.com/657mm-cultured-akoya-pearl-bracelet-14k-white-gold-75/p/V-351004306
Cultured Pearl & Diamond Bolo Bracelet 1/20 ct tw Sterling Silver/10K Yellow Gold,349.99,https://www.kayoutlet.com/cultured-pearl-diamond-bolo-bracelet-120-ct-tw-sterling-silver10k-yellow-gold/p/V-350948307
Cultured Pearl & Diamond Bolo Bracelet 1/10 ct tw Sterling Silver/10K Rose Gold,449.99,https://www.kayoutlet.com/cultured-pearl-diamond-bolo-bracelet-110-ct-tw-sterling-silver10k-rose-gold/p/V-350948004
Cultured Pearl Bracelet 14K Yellow Gold 7.5&quot;,279.99,https://www.kayoutlet.com/cultured-pearl-bracelet-14k-yellow-gold-75/p/V-350947901
9.6mm Flat Curb Chain Bracelet Solid 10K Yellow Gold 8.5&quot;,5499.99,https://www.kayoutlet.com/96mm-flat-curb-chain-bracelet-solid-10k-yellow-gold-85/p/V-302820105
Diamond Flower Cluster Bangle Bracelet 1/2 ct tw 10K White Gold,1599.99,https://www.kayoutlet.com/diamond-flower-cluster-bangle-bracelet-12-ct-tw-10k-white-gold/p/V-302816905
Diamond Circle Link Bracelet 1 ct tw 10K White Gold 7&quot;,1559.99,https://www.kayoutlet.com/diamond-circle-link-bracelet-1-ct-tw-10k-white-gold-7/p/V-261394504
Diamond Heart & Bar Link Bracelet 1/10 ct tw Sterling Silver 7&quot;,399.99,https://www.kayoutlet.com/diamond-heart-bar-link-bracelet-110-ct-tw-sterling-silver-7/p/V-261393805
Marquise & Round-Cut Diamond Link Bracelet 3 ct tw 10K White Gold 7&quot;,5199.99,https://www.kayoutlet.com/marquise-roundcut-diamond-link-bracelet-3-ct-tw-10k-white-gold-7/p/V-254107206
Diamond Three-Row Tennis Bracelet 5 ct tw 14K White Gold 7&quot;,4999.99,https://www.kayoutlet.com/diamond-threerow-tennis-bracelet-5-ct-tw-14k-white-gold-7/p/V-254107105
Men's KAY Lab-Grown Diamonds Tennis Bracelet 5 ct tw 10K White Gold 8.5&quot;,5199.99,https://www.kayoutlet.com/mens-kay-labgrown-diamonds-tennis-bracelet-5-ct-tw-10k-white-gold-85/p/V-254030808
Le Vian Opal Ribbon Bracelet 1/4 ct tw Diamonds 14K Honey Gold 7.25&quot;,1599.99,https://www.kayoutlet.com/le-vian-opal-ribbon-bracelet-14-ct-tw-diamonds-14k-honey-gold-725/p/V-245383106
Multi-Diamond Circle & Infinity Link Bracelet 1 ct tw 10K Yellow Gold 7&quot;,1399.99,https://www.kayoutlet.com/multidiamond-circle-infinity-link-bracelet-1-ct-tw-10k-yellow-gold-7/p/V-245193305
Diamond Swirl Link Bracelet 2 ct tw 10K White Gold 7.25&quot;,1799.99,https://www.kayoutlet.com/diamond-swirl-link-bracelet-2-ct-tw-10k-white-gold-725/p/V-238423507
Diamond Adjustable S-Link Bracelet 1/2 ct tw 10K White Gold,689.99,https://www.kayoutlet.com/diamond-adjustable-slink-bracelet-12-ct-tw-10k-white-gold/p/V-237417706
Men's Diamond & Lab-Created Ruby Tiger Head Bracelet 1-1/4 ct tw 10K Yellow Gold 8.5&quot;,3299.99,https://www.kayoutlet.com/mens-diamond-labcreated-ruby-tiger-head-bracelet-114-ct-tw-10k-yellow-gold-85/p/V-234993400
1/10 ct tw Diamond Couple's Initials Heart Bracelet (1 Initial),147.97,https://www.kayoutlet.com/110-ct-tw-diamond-couples-initials-heart-bracelet-1-initial/p/V-2206
Marquise & Round-Cut Diamond Twist Link Bracelet 3 ct tw 10K White Gold 7&quot;,2749.99,https://www.kayoutlet.com/marquise-roundcut-diamond-twist-link-bracelet-3-ct-tw-10k-white-gold-7/p/V-220519007
Letter Name Bracelet (1 Name),173.57,https://www.kayoutlet.com/letter-name-bracelet-1-name/p/V-2205
Diamond S-Link Bracelet 1-1/2 ct tw 10K Yellow Gold 7.25&quot;,5499.99,https://www.kayoutlet.com/diamond-slink-bracelet-112-ct-tw-10k-yellow-gold-725/p/V-112099609
Multi-Diamond Cuff Bracelet 1-1/2 ct tw 14K White Gold 18&quot;,2699.99,https://www.kayoutlet.com/multidiamond-cuff-bracelet-112-ct-tw-14k-white-gold-18/p/V-220445009
Birthstone Family & Mother's Bracelet (3-6 Stones),122.64,https://www.kayoutlet.com/birthstone-family-mothers-bracelet-36-stones/p/V-2125
Diamond Four-Row Tennis Bracelet 7 ct tw 14K White Gold 7&quot;,7499.99,https://www.kayoutlet.com/diamond-fourrow-tennis-bracelet-7-ct-tw-14k-white-gold-7/p/V-212028702
Children's Mickey Mouse Station Bracelet 14K Yellow Gold 6&quot;,499.99,https://www.kayoutlet.com/childrens-mickey-mouse-station-bracelet-14k-yellow-gold-6/p/V-200598201
Diamond-Cut Heart Dangle Anklet 10K Tri-Tone Gold 10&quot;,379.99,https://www.kayoutlet.com/diamondcut-heart-dangle-anklet-10k-tritone-gold-10/p/V-200533608
Birthstone Sterling Silver Family & Mother's Bracelet (5 Stones and Lines),182.39,https://www.kayoutlet.com/birthstone-sterling-silver-family-mothers-bracelet-5-stones-lines/p/V-1928
Birthstone Family & Mother's Heart Bracelet (5 Stones and Lines),179.99,https://www.kayoutlet.com/birthstone-family-mothers-heart-bracelet-5-stones-lines/p/V-1927
Le Vian Blue Topaz Briolette Bracelet 1/15 ct tw Diamonds 14K Honey Gold 7.5&quot;,799.99,https://www.kayoutlet.com/le-vian-blue-topaz-briolette-bracelet-115-ct-tw-diamonds-14k-honey-gold-75/p/V-190555704
Diamond Alternating Round & Marquise Link Bracelet 1/4 ct tw 10K Rose Gold 7.25&quot;,2299.99,https://www.kayoutlet.com/diamond-alternating-round-marquise-link-bracelet-14-ct-tw-10k-rose-gold-725/p/V-190526501
Diamond Infinity Bracelet 1/10 ct tw Sterling Silver & 10K Yellow Gold 7&quot;,999.99,https://www.kayoutlet.com/diamond-infinity-bracelet-110-ct-tw-sterling-silver-10k-yellow-gold-7/p/V-190407609
Diamond Bangle Bracelet 1/2 ct tw 14K White Gold 7&quot;,1399.99,https://www.kayoutlet.com/diamond-bangle-bracelet-12-ct-tw-14k-white-gold-7/p/V-190388900
Diamond Bolo Line Bracelet 1/2 ct tw 10K White Gold,2499.99,https://www.kayoutlet.com/diamond-bolo-line-bracelet-12-ct-tw-10k-white-gold/p/V-190365306
Family Birthstone Mother and Child Bolo Bracelet (2-6 Stones and 2 Lines),182.02,https://www.kayoutlet.com/family-birthstone-mother-child-bolo-bracelet-26-stones-2-lines/p/V-1840
Multi-Diamond Round Link Bracelet 2-1/2 ct tw 14K Yellow Gold 7&quot;,3249.99,https://www.kayoutlet.com/multidiamond-round-link-bracelet-212-ct-tw-14k-yellow-gold-7/p/V-182938908
KAY Lab-Grown Diamonds Link Bolo Bracelet 1/2 ct tw 14K Yellow Gold,2199.99,https://www.kayoutlet.com/kay-labgrown-diamonds-link-bolo-bracelet-12-ct-tw-14k-yellow-gold/p/V-174646707
Men's Diamond Mariner Link Bracelet 1-1/4 ct tw 10K Yellow Gold 8.5&quot;,2249.99,https://www.kayoutlet.com/mens-diamond-mariner-link-bracelet-114-ct-tw-10k-yellow-gold-85/p/V-161520806
Diamond-Cut Snake Chain Bracelet Semi-Solid 10K Yellow Gold 7.5&quot;,849.99,https://www.kayoutlet.com/diamondcut-snake-chain-bracelet-semisolid-10k-yellow-gold-75/p/V-161503709
7.6mm Curb Chain Bracelet Hollow 10K Yellow Gold 8.5&quot;,2999.99,https://www.kayoutlet.com/76mm-curb-chain-bracelet-hollow-10k-yellow-gold-85/p/V-151471303
Men's Diamond Link Bracelet 2 ct tw 10K Yellow Gold 8.5&quot;,3249.99,https://www.kayoutlet.com/mens-diamond-link-bracelet-2-ct-tw-10k-yellow-gold-85/p/V-151316700
Memories Moments Magic Lab-Grown Diamond Bracelet 4 ct tw 14K White Gold 7&quot;,1889.99,https://www.kayoutlet.com/memories-moments-magic-labgrown-diamond-bracelet-4-ct-tw-14k-white-gold-7/p/V-151315001
KAY Lab-Grown Diamonds Line Bracelet 2 ct tw 14K Yellow Gold 7.25&quot;,2949.99,https://www.kayoutlet.com/kay-labgrown-diamonds-line-bracelet-2-ct-tw-14k-yellow-gold-725/p/V-151273303
Oval-Cut Natural Emerald & Diamond Station Bracelet 1/15 ct tw 10K Yellow Gold 7.25&quot;,2799.99,https://www.kayoutlet.com/ovalcut-natural-emerald-diamond-station-bracelet-115-ct-tw-10k-yellow-gold-725/p/V-142373101
KAY Lab-Grown Diamonds Alternating Link Bracelet 1 ct tw 10K Yellow Gold 7&quot;,2499.99,https://www.kayoutlet.com/kay-labgrown-diamonds-alternating-link-bracelet-1-ct-tw-10k-yellow-gold-7/p/V-142272208
Diamond Graduated Bangle Bracelet 1 ct tw 14K White Gold 7&quot;,2399.99,https://www.kayoutlet.com/diamond-graduated-bangle-bracelet-1-ct-tw-14k-white-gold-7/p/V-142206503
Baguette & Round-Cut Diamond Scalloped Link Bracelet 4-3/4 ct tw 14K White Gold 7&quot;,4249.99,https://www.kayoutlet.com/baguette-roundcut-diamond-scalloped-link-bracelet-434-ct-tw-14k-white-gold-7/p/V-142161900
Love Entwined Diamond Adjustable Teardrop-Link Tennis Bracelet 1 ct tw 10K White Gold 6.25&quot; to 9&quot;,1599.99,https://www.kayoutlet.com/love-entwined-diamond-adjustable-teardroplink-tennis-bracelet-1-ct-tw-10k-white-gold-625-to-9/p/V-142069905
Diamond-Cut Patterned Bangle Bracelet 4mm 10K Yellow Gold,1349.99,https://www.kayoutlet.com/diamondcut-patterned-bangle-bracelet-4mm-10k-yellow-gold/p/V-142053709
Emerald-Cut Emerald & Diamond Beaded Bangle Bracelet 1/15 ct tw 14K Yellow Gold 7.25&quot;,2999.99,https://www.kayoutlet.com/emeraldcut-emerald-diamond-beaded-bangle-bracelet-115-ct-tw-14k-yellow-gold-725/p/V-135733501
Lab-Created Ruby Heart Bracelet 10K Rose Gold 7.25&quot;,399.99,https://www.kayoutlet.com/labcreated-ruby-heart-bracelet-10k-rose-gold-725/p/V-135676702
Heart-Shaped Lab-Created Ruby & White Lab-Created Sapphire &quot;Madre&quot; Bolo Bracelet Sterling Silver & 10K Yellow Gold,599.99,https://www.kayoutlet.com/heartshaped-labcreated-ruby-white-labcreated-sapphire-madre-bolo-bracelet-sterling-silver-10k-yellow-gold/p/V-135666802
Semi-Solid Miami Cuban Curb Chain Necklace & Bracelet Set 10K Yellow Gold,1599.99,https://www.kayoutlet.com/semisolid-miami-cuban-curb-chain-necklace-bracelet-set-10k-yellow-gold/p/V-135666509
Diamond Duo Bangle Bracelet 1/4 ct tw 10K White Gold,879.99,https://www.kayoutlet.com/diamond-duo-bangle-bracelet-14-ct-tw-10k-white-gold/p/V-135634804
Men's Diamond Cross Solid Cuban Curb Chain Bracelet 5/8 ct tw 10K Yellow Gold 8.5&quot;,9999.99,https://www.kayoutlet.com/mens-diamond-cross-solid-cuban-curb-chain-bracelet-58-ct-tw-10k-yellow-gold-85/p/V-135613204
Diamond Heart & Infinity Symbol Chain Link Bracelet 1/6 ct tw Sterling Silver & 10K Yellow Gold 7&quot;,799.99,https://www.kayoutlet.com/diamond-heart-infinity-symbol-chain-link-bracelet-16-ct-tw-sterling-silver-10k-yellow-gold-7/p/V-122560206
Diamond Tennis Bracelet 3 ct tw 10K White Gold 7&quot;,2799.99,https://www.kayoutlet.com/diamond-tennis-bracelet-3-ct-tw-10k-white-gold-7/p/V-122404700
Diamond Graduated Tennis Bracelet 5 ct tw 14K White Gold 7&quot;,9999.99,https://www.kayoutlet.com/diamond-graduated-tennis-bracelet-5-ct-tw-14k-white-gold-7/p/V-112296405
Le Vian Diamond Bolo Bracelet 1/2 ct tw 14K Honey Gold 9.5&quot;,2599.99,https://www.kayoutlet.com/le-vian-diamond-bolo-bracelet-12-ct-tw-14k-honey-gold-95/p/V-112107204
Diamond Double Heart Adjustable Bracelet 1/4 ct tw 10K White Gold,2099.99,https://www.kayoutlet.com/diamond-double-heart-adjustable-bracelet-14-ct-tw-10k-white-gold/p/V-112100401
Diamond Double S-Link Bolo Bracelet 1 ct tw 10K White Gold,4199.99,https://www.kayoutlet.com/diamond-double-slink-bolo-bracelet-1-ct-tw-10k-white-gold/p/V-112100209
Diamond S-Link Bracelet 1 ct tw 10K Yellow Gold 7.25&quot;,3799.99,https://www.kayoutlet.com/diamond-slink-bracelet-1-ct-tw-10k-yellow-gold-725/p/V-112099902
Diamond Adjustable S-Link Bracelet 3/8 ct tw 10K Yellow Gold,1999.99,https://www.kayoutlet.com/diamond-adjustable-slink-bracelet-38-ct-tw-10k-yellow-gold/p/V-112099508
Diamond Adjustable Double S-Link Bracelet 1/2 ct tw 10K White Gold,2299.99,https://www.kayoutlet.com/diamond-adjustable-double-slink-bracelet-12-ct-tw-10k-white-gold/p/V-112100108
Diamond Adjustable S-Link Bracelet 1 ct tw 10K White Gold,3999.99,https://www.kayoutlet.com/diamond-adjustable-slink-bracelet-1-ct-tw-10k-white-gold/p/V-112099205
Diamond Chain Link Bracelet 3-1/2 ct tw 10K Yellow Gold 8.5&quot;,5499.99,https://www.kayoutlet.com/diamond-chain-link-bracelet-312-ct-tw-10k-yellow-gold-85/p/V-112096502
Diamond Accent Quinceañera Dangle Paperclip Bracelet 10K White Gold 7.5&quot;,799.99,https://www.kayoutlet.com/diamond-accent-quincea-era-dangle-paperclip-bracelet-10k-white-gold-75/p/V-112056003
Diamond Quinceañera Paperclip Bracelet 1/20 ct tw 10K White Gold 7.5”,999.99,https://www.kayoutlet.com/diamond-quincea-era-paperclip-bracelet-120-ct-tw-10k-white-gold-75-/p/V-112055900
Diamond Sideways Cross Quinceañera Paperclip Bracelet 1/20 ct tw 10K Yellow Gold 7.5&quot;,899.99,https://www.kayoutlet.com/diamond-sideways-cross-quincea-era-paperclip-bracelet-120-ct-tw-10k-yellow-gold-75/p/V-112055809
Diamond Inset Double Heart Cuff Bracelet 1/3 ct tw 10K Yellow Gold,999.99,https://www.kayoutlet.com/diamond-inset-double-heart-cuff-bracelet-13-ct-tw-10k-yellow-gold/p/V-112052004
Diamond Butterfly Bolo Bracelet 1/4 ct tw Sterling Silver & 10K Yellow Gold,999.99,https://www.kayoutlet.com/diamond-butterfly-bolo-bracelet-14-ct-tw-sterling-silver-10k-yellow-gold/p/V-112049604
Diamond Flower Bolo Bracelet 1/8 ct tw Sterling Silver & 10K Yellow Gold,279.99,https://www.kayoutlet.com/diamond-flower-bolo-bracelet-18-ct-tw-sterling-silver-10k-yellow-gold/p/V-112049503
Diamond Clover Bracelet 1/10 ct tw Sterling Silver & 10K Yellow Gold 7.5&quot;,599.99,https://www.kayoutlet.com/diamond-clover-bracelet-110-ct-tw-sterling-silver-10k-yellow-gold-75/p/V-112049301
Round-Cut Diamond Cross Drop Anklet 1/10 ct tw 10K Yellow Gold 10&quot;,699.99,https://www.kayoutlet.com/roundcut-diamond-cross-drop-anklet-110-ct-tw-10k-yellow-gold-10/p/V-112025301
Round-Cut Diamond Evil Eye Anklet 1/10 ct tw 10K Yellow Gold 10.75&quot;,699.99,https://www.kayoutlet.com/roundcut-diamond-evil-eye-anklet-110-ct-tw-10k-yellow-gold-1075/p/V-112025200
Diamond XO Bracelet 1/10 ct tw Round-cut Sterling Silver & 10K Yellow Gold,599.99,https://www.kayoutlet.com/diamond-xo-bracelet-110-ct-tw-roundcut-sterling-silver-10k-yellow-gold/p/V-111989202
Diamond Infinity Bracelet 1 ct tw Baguette & Round-cut 10K Yellow Gold 7&quot;,1249.99,https://www.kayoutlet.com/diamond-infinity-bracelet-1-ct-tw-baguette-roundcut-10k-yellow-gold-7/p/V-111988200
Men's KAY Lab-Grown Diamonds Link Bracelet 5 ct tw Round-cut 14K White Gold 8.5&quot;,6479.99,https://www.kayoutlet.com/mens-kay-labgrown-diamonds-link-bracelet-5-ct-tw-roundcut-14k-white-gold-85/p/V-111987501
KAY Lab-Grown Diamonds Line Bracelet 5 ct tw Round-cut 14K White Gold 7.25&quot;,3719.99,https://www.kayoutlet.com/kay-labgrown-diamonds-line-bracelet-5-ct-tw-roundcut-14k-white-gold-725/p/V-111985709
KAY Lab-Grown Diamonds Line Bracelet 3 ct tw Round-cut 14K White Gold,1889.99,https://www.kayoutlet.com/kay-labgrown-diamonds-line-bracelet-3-ct-tw-roundcut-14k-white-gold/p/V-111985608
Men's Diamond Angled Curb Bracelet 10K Yellow Gold 8.5&quot;,4319.99,https://www.kayoutlet.com/mens-diamond-angled-curb-bracelet-10k-yellow-gold-85/p/V-111983603
Love Entwined Diamond Bracelet 1 ct tw Round-cut 10K Yellow Gold 7&quot;,1279.99,https://www.kayoutlet.com/love-entwined-diamond-bracelet-1-ct-tw-roundcut-10k-yellow-gold-7/p/V-111982803
Men's Diamond Large Tennis Bracelet 2 ct tw Round-cut 10K Yellow Gold 8.5&quot;,3399.99,https://www.kayoutlet.com/mens-diamond-large-tennis-bracelet-2-ct-tw-roundcut-10k-yellow-gold-85/p/V-111951808
Men's Diamond Tennis Bracelet 2 ct tw Round-cut 10K Yellow Gold 8.5&quot;,2399.99,https://www.kayoutlet.com/mens-diamond-tennis-bracelet-2-ct-tw-roundcut-10k-yellow-gold-85/p/V-111951404
Men's Diamond Bracelet 1-1/3 ct tw Round-cut 10K White Gold 8.5&quot;,6999.99,https://www.kayoutlet.com/mens-diamond-bracelet-113-ct-tw-roundcut-10k-white-gold-85/p/V-111950806
Men's Cuban Link Bracelet 1 ct tw 10K Yellow Gold 8.5&quot;,7999.99,https://www.kayoutlet.com/mens-cuban-link-bracelet-1-ct-tw-10k-yellow-gold-85/p/V-111941807
Forever Connected Diamond Bracelet 1 ct tw Pear & Round-cut 10K White Gold 7.25&quot;,1319.99,https://www.kayoutlet.com/forever-connected-diamond-bracelet-1-ct-tw-pear-roundcut-10k-white-gold-725/p/V-111937203
Diamond Bracelet 1/2 ct tw Round-Cut 10K Yellow Gold/Sterling Silver 7.5&quot;,1599.99,https://www.kayoutlet.com/diamond-bracelet-12-ct-tw-roundcut-10k-yellow-goldsterling-silver-75/p/V-111936807
Diamond Bolo Bracelet 1/4 ct tw Round-Cut 10K White Gold 9.5&quot;,1099.99,https://www.kayoutlet.com/diamond-bolo-bracelet-14-ct-tw-roundcut-10k-white-gold-95/p/V-111936504
Diamond Heart Bracelet 1/6 ct tw Sterling Silver & 10K Rose Gold 7.25&quot;,899.99,https://www.kayoutlet.com/diamond-heart-bracelet-16-ct-tw-sterling-silver-10k-rose-gold-725/p/V-111935805
Diamond Tennis Bracelet 1/2 ct tw Round-cut Sterling Silver & 10K Yellow Gold 7.5&quot;,2199.99,https://www.kayoutlet.com/diamond-tennis-bracelet-12-ct-tw-roundcut-sterling-silver-10k-yellow-gold-75/p/V-111932101
Diamond Tennis Bracelet 5 ct tw Round-cut 10K Rose Gold 7&quot;,8299.99,https://www.kayoutlet.com/diamond-tennis-bracelet-5-ct-tw-roundcut-10k-rose-gold-7/p/V-111928002
Diamond Bolo Bracelet 1 ct tw 10K White Gold 9.5&quot;,879.99,https://www.kayoutlet.com/diamond-bolo-bracelet-1-ct-tw-10k-white-gold-95/p/V-111911006
Diamond Fashion Bracelet 3/4 ct tw 10K White Gold 7.25&quot;,3799.99,https://www.kayoutlet.com/diamond-fashion-bracelet-34-ct-tw-10k-white-gold-725/p/V-111908606
Diamond Heartbeat Bolo Bracelet 1/20 ct tw Sterling Silver/10K Yellow Gold 9.5&quot;,349.99,https://www.kayoutlet.com/diamond-heartbeat-bolo-bracelet-120-ct-tw-sterling-silver10k-yellow-gold-95/p/V-111908505
Diamond Fashion Bracelet 1/2 ct tw Round & Baguette 10K Yellow Gold,1799.99,https://www.kayoutlet.com/diamond-fashion-bracelet-12-ct-tw-round-baguette-10k-yellow-gold/p/V-111908000
Diamond Bracelet 5/8 ct tw 10K Rose Gold 7.25&quot;,2999.99,https://www.kayoutlet.com/diamond-bracelet-58-ct-tw-10k-rose-gold-725/p/V-111886002
Diamond Bolo Bracelet 1/2 ct tw 10K Rose Gold 9.5&quot;,2199.99,https://www.kayoutlet.com/diamond-bolo-bracelet-12-ct-tw-10k-rose-gold-95/p/V-111885606
Diamond Bolo Bracelet 1/5 ct tw 10K Rose Gold 9.5&quot;,1499.99,https://www.kayoutlet.com/diamond-bolo-bracelet-15-ct-tw-10k-rose-gold-95/p/V-111884603
Diamond Bracelet 3/4 ct tw Round-cut 10K Yellow Gold 7.25&quot;,2429,https://www.kayoutlet.com/diamond-bracelet-34-ct-tw-roundcut-10k-yellow-gold-725/p/V-111791808
Diamond Bolo Bracelet 1/10 cttw Sterling Silver & 10K Yellow Gold,599.99,https://www.kayoutlet.com/diamond-bolo-bracelet-110-cttw-sterling-silver-10k-yellow-gold/p/V-111768709
Men's Bracelet 3/4 ct tw Diamonds 10K Yellow Gold 8.25&quot;,2499.99,https://www.kayoutlet.com/mens-bracelet-34-ct-tw-diamonds-10k-yellow-gold-825/p/V-111585105
Heart Bolo Bracelet 1/10 cttw Diamonds Sterling Silver & 10K Rose Gold,499.99,https://www.kayoutlet.com/heart-bolo-bracelet-110-cttw-diamonds-sterling-silver-10k-rose-gold/p/V-111554705
Graduating Diamond Bangle Bracelet 3/4 ct tw 10K Yellow Gold,1599.99,https://www.kayoutlet.com/graduating-diamond-bangle-bracelet-34-ct-tw-10k-yellow-gold/p/V-101430508
Angel & Cross Charm Beaded Chain Bracelet 14K Yellow Gold 7.5&quot;,749.99,https://www.kayoutlet.com/angel-cross-charm-beaded-chain-bracelet-14k-yellow-gold-75/p/V-101395604
Baguette & Round-Cut Diamond Bracelet 3 ct tw 14K Yellow Gold 7&quot;,4249.99,https://www.kayoutlet.com/baguette-roundcut-diamond-bracelet-3-ct-tw-14k-yellow-gold-7/p/V-101395503
Round & Baguette-Cut Diamond Bracelet 5 ct tw 14K Yellow Gold 7.25&quot;,6749.99,https://www.kayoutlet.com/round-baguettecut-diamond-bracelet-5-ct-tw-14k-yellow-gold-725/p/V-101394601
